cross_val_node_loss,cross_val_net_loss
507.97393798828125,294.6573944091797