cross_val_node_loss,cross_val_net_loss
106.04175186157227,152.0645408630371