cross_val_node_loss,cross_val_net_loss
81.56117248535156,80.9892692565918