num_layer,num_dim,train_time_sec,gpu_peak_mb,val_node_mse,val_net_mse
2,8,91.62136268615723,9926.6962890625,0.9977662,0.942545
2,16,95.53532528877258,11165.42041015625,0.99964386,0.9597875
2,32,150.01738905906677,13638.4873046875,0.99203116,0.89506084
3,8,81.78860211372375,10575.82763671875,0.9990464,0.9954573
3,16,117.7475049495697,12341.30322265625,0.99730754,0.9964332
3,32,248.16456246376038,15874.96484375,0.9980602,0.9943625
4,8,96.6834487915039,11223.14013671875,0.9982718,0.99609005
4,16,160.77853846549988,13518.46435546875,0.99955696,0.9956199
4,32,347.7890121936798,18113.19677734375,0.99900395,0.9935487
