total_runtime_in_mins,stop_epoch,patience,tolerance,stop_range,best_total_val
8.926537458101908,26,15,0.1,(85.095703125, 104.00585937500001),152.00766983032227