total_runtime_in_mins,stop_epoch,patience,tolerance,stop_range,best_total_val
10.387663304805756,26,15,0.1,(89.09457550048829, 108.89337005615235),152.49857406616212